{
  "hash": "946452720",
  "bot": {
    "id": "3309ffe5-550e-4dba-90c2-5cbce40931de",
    "name": "LP Survey Bot ",
    "chatBotType": "SURVEY_BOT",
    "description": "Survey Bot",
    "status": "NEW",
    "getStartedButtonPayload": "hi",
    "creationTime": 1693899663116,
    "modificationTime": 1694621307383,
    "demo": false,
    "skipNLP": false,
    "language": "en-US",
    "botAttributes": {
      "ENABLE_AGENT_ANNOTATIONS": "false",
      "ENABLE_DEBUG": "true",
      "PCS_FALLBACK_LIMIT": "3",
      "PCS_FALLBACK_LIMIT_MESSAGE": "I’m sorry. I don’t understand. The survey will now close.",
      "SMALL_TALK_ENABLED": "true",
      "URL_SHORTENING_ENABLED": "false"
    },
    "sessionLength": 0,
    "passThroughMode": false,
    "transcriptDisabled": false,
    "version": "2",
    "publicBot": false,
    "transferGroupId": "04fc708d-2976-4b90-9388-ef333952c0e1",
    "channel": "MESSAGING",
    "readOnly": false,
    "smallTalkEnabled": true
  },
  "responder": [],
  "requiredContext": [],
  "conversationMessage": [
    {
      "id": "53a14850c4519fda152a0848d30aa6b5baa0033c",
      "chatBotId": "3309ffe5-550e-4dba-90c2-5cbce40931de",
      "userInputRequired": false,
      "name": "nps_3",
      "type": "BOT_MESSAGE",
      "content": {
        "contentType": "STATIC",
        "results": {
          "type": "NPS",
          "tile": {
            "tileData": [
              {
                "text": "Based on your experience today, how likely are you to recommend us to a friend or colleague? (0 Not at all likely - 10 extremely likely)",
                "buttons": [],
                "quickReplyList": [],
                "pcsWidget": {
                  "multipleChoices": [
                    "0",
                    "1",
                    "2",
                    "3",
                    "4",
                    "5",
                    "6",
                    "7",
                    "8",
                    "9",
                    "10"
                  ],
                  "pcsMultipleChoices": [
                    {
                      "text": "0",
                      "value": 0,
                      "reportingValue": "0"
                    },
                    {
                      "text": "1",
                      "value": 1,
                      "reportingValue": "1"
                    },
                    {
                      "text": "2",
                      "value": 2,
                      "reportingValue": "2"
                    },
                    {
                      "text": "3",
                      "value": 3,
                      "reportingValue": "3"
                    },
                    {
                      "text": "4",
                      "value": 4,
                      "reportingValue": "4"
                    },
                    {
                      "text": "5",
                      "value": 5,
                      "reportingValue": "5"
                    },
                    {
                      "text": "6",
                      "value": 6,
                      "reportingValue": "6"
                    },
                    {
                      "text": "7",
                      "value": 7,
                      "reportingValue": "7"
                    },
                    {
                      "text": "8",
                      "value": 8,
                      "reportingValue": "8"
                    },
                    {
                      "text": "9",
                      "value": 9,
                      "reportingValue": "9"
                    },
                    {
                      "text": "10",
                      "value": 10,
                      "reportingValue": "10"
                    }
                  ],
                  "pcsQuickReplyValues": [
                    {
                      "text": "0",
                      "value": 0,
                      "reportingValue": "0"
                    },
                    {
                      "text": "1",
                      "value": 1,
                      "reportingValue": "1"
                    },
                    {
                      "text": "2",
                      "value": 2,
                      "reportingValue": "2"
                    },
                    {
                      "text": "3",
                      "value": 3,
                      "reportingValue": "3"
                    },
                    {
                      "text": "4",
                      "value": 4,
                      "reportingValue": "4"
                    },
                    {
                      "text": "5",
                      "value": 5,
                      "reportingValue": "5"
                    },
                    {
                      "text": "6",
                      "value": 6,
                      "reportingValue": "6"
                    },
                    {
                      "text": "7",
                      "value": 7,
                      "reportingValue": "7"
                    },
                    {
                      "text": "8",
                      "value": 8,
                      "reportingValue": "8"
                    },
                    {
                      "text": "9",
                      "value": 9,
                      "reportingValue": "9"
                    },
                    {
                      "text": "10",
                      "value": 10,
                      "reportingValue": "10"
                    }
                  ],
                  "displayChoice": "QUICK_REPLY",
                  "textStyle": "ABC",
                  "chatMessageQuickReplies": [
                    {
                      "type": "text",
                      "title": "0",
                      "value": 0,
                      "reportingValue": "0"
                    },
                    {
                      "type": "text",
                      "title": "1",
                      "value": 1,
                      "reportingValue": "1"
                    },
                    {
                      "type": "text",
                      "title": "2",
                      "value": 2,
                      "reportingValue": "2"
                    },
                    {
                      "type": "text",
                      "title": "3",
                      "value": 3,
                      "reportingValue": "3"
                    },
                    {
                      "type": "text",
                      "title": "4",
                      "value": 4,
                      "reportingValue": "4"
                    },
                    {
                      "type": "text",
                      "title": "5",
                      "value": 5,
                      "reportingValue": "5"
                    },
                    {
                      "type": "text",
                      "title": "6",
                      "value": 6,
                      "reportingValue": "6"
                    },
                    {
                      "type": "text",
                      "title": "7",
                      "value": 7,
                      "reportingValue": "7"
                    },
                    {
                      "type": "text",
                      "title": "8",
                      "value": 8,
                      "reportingValue": "8"
                    },
                    {
                      "type": "text",
                      "title": "9",
                      "value": 9,
                      "reportingValue": "9"
                    },
                    {
                      "type": "text",
                      "title": "10",
                      "value": 10,
                      "reportingValue": "10"
                    }
                  ],
                  "choicesPerRow": 4,
                  "nonPcsChatMessageQuickReplies": [
                    {
                      "type": "text",
                      "title": "0"
                    },
                    {
                      "type": "text",
                      "title": "1"
                    },
                    {
                      "type": "text",
                      "title": "2"
                    },
                    {
                      "type": "text",
                      "title": "3"
                    },
                    {
                      "type": "text",
                      "title": "4"
                    },
                    {
                      "type": "text",
                      "title": "5"
                    },
                    {
                      "type": "text",
                      "title": "6"
                    },
                    {
                      "type": "text",
                      "title": "7"
                    },
                    {
                      "type": "text",
                      "title": "8"
                    },
                    {
                      "type": "text",
                      "title": "9"
                    },
                    {
                      "type": "text",
                      "title": "10"
                    }
                  ]
                }
              }
            ]
          }
        }
      },
      "group": "5e401ca3-d595-40e3-afa4-0b095a0f790a",
      "status": "ACTIVE",
      "required": true,
      "nextMessageId": "98cd7a17f01065d82f10771a5eb86c254ad8e670",
      "prevMessageId": "64b45571be2f406c69e96c5548f6cccd4cfc1ad6",
      "responseMatches": [
        {
          "name": "RULE_0",
          "conditions": [
            {
              "matchType": "EVAL_OPTION",
              "evaluateOptionMatch": {
                "value": "0"
              }
            }
          ],
          "contextConditions": [],
          "action": {
            "name": "INTERACTION",
            "value": "next"
          },
          "contextDataVariables": []
        },
        {
          "name": "RULE_1",
          "conditions": [
            {
              "matchType": "EVAL_OPTION",
              "evaluateOptionMatch": {
                "value": "1"
              }
            }
          ],
          "contextConditions": [],
          "action": {
            "name": "INTERACTION",
            "value": "next"
          },
          "contextDataVariables": []
        },
        {
          "name": "RULE_2",
          "conditions": [
            {
              "matchType": "EVAL_OPTION",
              "evaluateOptionMatch": {
                "value": "2"
              }
            }
          ],
          "contextConditions": [],
          "action": {
            "name": "INTERACTION",
            "value": "next"
          },
          "contextDataVariables": []
        },
        {
          "name": "RULE_3",
          "conditions": [
            {
              "matchType": "EVAL_OPTION",
              "evaluateOptionMatch": {
                "value": "3"
              }
            }
          ],
          "contextConditions": [],
          "action": {
            "name": "INTERACTION",
            "value": "next"
          },
          "contextDataVariables": []
        },
        {
          "name": "RULE_4",
          "conditions": [
            {
              "matchType": "EVAL_OPTION",
              "evaluateOptionMatch": {
                "value": "4"
              }
            }
          ],
          "contextConditions": [],
          "action": {
            "name": "INTERACTION",
            "value": "next"
          },
          "contextDataVariables": []
        },
        {
          "name": "RULE_5",
          "conditions": [
            {
              "matchType": "EVAL_OPTION",
              "evaluateOptionMatch": {
                "value": "5"
              }
            }
          ],
          "contextConditions": [],
          "action": {
            "name": "INTERACTION",
            "value": "next"
          },
          "contextDataVariables": []
        },
        {
          "name": "RULE_6",
          "conditions": [
            {
              "matchType": "EVAL_OPTION",
              "evaluateOptionMatch": {
                "value": "6"
              }
            }
          ],
          "contextConditions": [],
          "action": {
            "name": "INTERACTION",
            "value": "next"
          },
          "contextDataVariables": []
        },
        {
          "name": "RULE_7",
          "conditions": [
            {
              "matchType": "EVAL_OPTION",
              "evaluateOptionMatch": {
                "value": "7"
              }
            }
          ],
          "contextConditions": [],
          "action": {
            "name": "INTERACTION",
            "value": "next"
          },
          "contextDataVariables": []
        },
        {
          "name": "RULE_8",
          "conditions": [
            {
              "matchType": "EVAL_OPTION",
              "evaluateOptionMatch": {
                "value": "8"
              }
            }
          ],
          "contextConditions": [],
          "action": {
            "name": "INTERACTION",
            "value": "next"
          },
          "contextDataVariables": []
        },
        {
          "name": "RULE_9",
          "conditions": [
            {
              "matchType": "EVAL_OPTION",
              "evaluateOptionMatch": {
                "value": "9"
              }
            }
          ],
          "contextConditions": [],
          "action": {
            "name": "INTERACTION",
            "value": "next"
          },
          "contextDataVariables": []
        },
        {
          "name": "RULE_10",
          "conditions": [
            {
              "matchType": "EVAL_OPTION",
              "evaluateOptionMatch": {
                "value": "10"
              }
            }
          ],
          "contextConditions": [],
          "action": {
            "name": "INTERACTION",
            "value": "next"
          },
          "contextDataVariables": []
        }
      ],
      "interactionType": "NPS",
      "changeResponse": {
        "enabled": true
      },
      "cancelResponse": {
        "enabled": true
      }
    },
    {
      "id": "64b45571be2f406c69e96c5548f6cccd4cfc1ad6",
      "chatBotId": "3309ffe5-550e-4dba-90c2-5cbce40931de",
      "userInputRequired": false,
      "name": "csat_2",
      "type": "BOT_MESSAGE",
      "content": {
        "contentType": "STATIC",
        "results": {
          "type": "CSAT",
          "tile": {
            "tileData": [
              {
                "text": "How would you rate your overall satisfaction with the service you received?",
                "buttons": [],
                "quickReplyList": [],
                "pcsWidget": {
                  "multipleChoices": [
                    "1 😡",
                    "2 🙁",
                    "3 😐",
                    "4 🙂",
                    "5 😄"
                  ],
                  "pcsMultipleChoices": [
                    {
                      "text": "1 😡",
                      "value": 1,
                      "reportingValue": "1"
                    },
                    {
                      "text": "2 🙁",
                      "value": 2,
                      "reportingValue": "2"
                    },
                    {
                      "text": "3 😐",
                      "value": 3,
                      "reportingValue": "3"
                    },
                    {
                      "text": "4 🙂",
                      "value": 4,
                      "reportingValue": "4"
                    },
                    {
                      "text": "5 😄",
                      "value": 5,
                      "reportingValue": "5"
                    }
                  ],
                  "pcsQuickReplyValues": [
                    {
                      "text": "1 😡",
                      "value": 1,
                      "reportingValue": "1"
                    },
                    {
                      "text": "2 🙁",
                      "value": 2,
                      "reportingValue": "2"
                    },
                    {
                      "text": "3 😐",
                      "value": 3,
                      "reportingValue": "3"
                    },
                    {
                      "text": "4 🙂",
                      "value": 4,
                      "reportingValue": "4"
                    },
                    {
                      "text": "5 😄",
                      "value": 5,
                      "reportingValue": "5"
                    }
                  ],
                  "displayChoice": "QUICK_REPLY",
                  "textStyle": "ABC",
                  "chatMessageQuickReplies": [
                    {
                      "type": "text",
                      "title": "1 😡",
                      "value": 1,
                      "reportingValue": "1"
                    },
                    {
                      "type": "text",
                      "title": "2 🙁",
                      "value": 2,
                      "reportingValue": "2"
                    },
                    {
                      "type": "text",
                      "title": "3 😐",
                      "value": 3,
                      "reportingValue": "3"
                    },
                    {
                      "type": "text",
                      "title": "4 🙂",
                      "value": 4,
                      "reportingValue": "4"
                    },
                    {
                      "type": "text",
                      "title": "5 😄",
                      "value": 5,
                      "reportingValue": "5"
                    }
                  ],
                  "choicesPerRow": 4,
                  "nonPcsChatMessageQuickReplies": [
                    {
                      "type": "text",
                      "title": "1 😡"
                    },
                    {
                      "type": "text",
                      "title": "2 🙁"
                    },
                    {
                      "type": "text",
                      "title": "3 😐"
                    },
                    {
                      "type": "text",
                      "title": "4 🙂"
                    },
                    {
                      "type": "text",
                      "title": "5 😄"
                    }
                  ]
                }
              }
            ]
          }
        }
      },
      "group": "5e401ca3-d595-40e3-afa4-0b095a0f790a",
      "status": "ACTIVE",
      "required": true,
      "nextMessageId": "53a14850c4519fda152a0848d30aa6b5baa0033c",
      "prevMessageId": "e12a664db40c5a75927b97f5957e791a48bf9fc0",
      "responseMatches": [
        {
          "name": "RULE_1",
          "conditions": [
            {
              "matchType": "EVAL_OPTION",
              "evaluateOptionMatch": {
                "value": "1 😡"
              }
            }
          ],
          "contextConditions": [],
          "action": {
            "name": "INTERACTION",
            "value": "next"
          },
          "contextDataVariables": []
        },
        {
          "name": "RULE_2",
          "conditions": [
            {
              "matchType": "EVAL_OPTION",
              "evaluateOptionMatch": {
                "value": "2 🙁"
              }
            }
          ],
          "contextConditions": [],
          "action": {
            "name": "INTERACTION",
            "value": "next"
          },
          "contextDataVariables": []
        },
        {
          "name": "RULE_3",
          "conditions": [
            {
              "matchType": "EVAL_OPTION",
              "evaluateOptionMatch": {
                "value": "3 😐"
              }
            }
          ],
          "contextConditions": [],
          "action": {
            "name": "INTERACTION",
            "value": "next"
          },
          "contextDataVariables": []
        },
        {
          "name": "RULE_4",
          "conditions": [
            {
              "matchType": "EVAL_OPTION",
              "evaluateOptionMatch": {
                "value": "4 🙂"
              }
            }
          ],
          "contextConditions": [],
          "action": {
            "name": "INTERACTION",
            "value": "next"
          },
          "contextDataVariables": []
        },
        {
          "name": "RULE_5",
          "conditions": [
            {
              "matchType": "EVAL_OPTION",
              "evaluateOptionMatch": {
                "value": "5 😄"
              }
            }
          ],
          "contextConditions": [],
          "action": {
            "name": "INTERACTION",
            "value": "next"
          },
          "contextDataVariables": []
        }
      ],
      "interactionType": "CSAT",
      "changeResponse": {
        "enabled": true
      },
      "cancelResponse": {
        "enabled": true
      }
    },
    {
      "id": "98cd7a17f01065d82f10771a5eb86c254ad8e670",
      "chatBotId": "3309ffe5-550e-4dba-90c2-5cbce40931de",
      "userInputRequired": false,
      "name": "text_4",
      "type": "BOT_MESSAGE",
      "content": {
        "contentType": "STATIC",
        "results": {
          "type": "TEXT",
          "tile": {
            "tileData": [
              {
                "text": "Thank you for your feedback.",
                "buttons": [],
                "quickReplyList": []
              }
            ]
          }
        }
      },
      "group": "5e401ca3-d595-40e3-afa4-0b095a0f790a",
      "status": "ACTIVE",
      "required": true,
      "prevMessageId": "53a14850c4519fda152a0848d30aa6b5baa0033c",
      "responseMatches": [
        {
          "conditions": [],
          "contextConditions": [],
          "action": {
            "name": "INTERACTION",
            "value": "close_dialog"
          },
          "contextDataVariables": []
        }
      ],
      "interactionType": "TEXT"
    },
    {
      "id": "e12a664db40c5a75927b97f5957e791a48bf9fc0",
      "chatBotId": "3309ffe5-550e-4dba-90c2-5cbce40931de",
      "userInputRequired": false,
      "name": "fcr_1",
      "type": "BOT_MESSAGE",
      "content": {
        "contentType": "STATIC",
        "results": {
          "type": "FCR",
          "tile": {
            "tileData": [
              {
                "text": "Were you able to resolve your inquiry today?",
                "buttons": [],
                "quickReplyList": [],
                "pcsWidget": {
                  "multipleChoices": [
                    "Yes",
                    "No"
                  ],
                  "pcsMultipleChoices": [
                    {
                      "text": "Yes",
                      "value": 1,
                      "reportingValue": "1"
                    },
                    {
                      "text": "No",
                      "value": 0,
                      "reportingValue": "0"
                    }
                  ],
                  "pcsQuickReplyValues": [
                    {
                      "text": "Yes",
                      "value": 1,
                      "reportingValue": "1"
                    },
                    {
                      "text": "No",
                      "value": 0,
                      "reportingValue": "0"
                    }
                  ],
                  "displayChoice": "QUICK_REPLY",
                  "textStyle": "ABC",
                  "chatMessageQuickReplies": [
                    {
                      "type": "text",
                      "title": "Yes",
                      "value": 1,
                      "reportingValue": "1"
                    },
                    {
                      "type": "text",
                      "title": "No",
                      "value": 0,
                      "reportingValue": "0"
                    }
                  ],
                  "choicesPerRow": 4,
                  "nonPcsChatMessageQuickReplies": [
                    {
                      "type": "text",
                      "title": "Yes"
                    },
                    {
                      "type": "text",
                      "title": "No"
                    }
                  ]
                }
              }
            ]
          }
        }
      },
      "group": "5e401ca3-d595-40e3-afa4-0b095a0f790a",
      "status": "ACTIVE",
      "required": true,
      "nextMessageId": "64b45571be2f406c69e96c5548f6cccd4cfc1ad6",
      "responseMatches": [
        {
          "name": "RULE_YES",
          "conditions": [
            {
              "matchType": "EVAL_OPTION",
              "evaluateOptionMatch": {
                "value": "Yes"
              }
            }
          ],
          "contextConditions": [],
          "action": {
            "name": "INTERACTION",
            "value": "next"
          },
          "contextDataVariables": []
        },
        {
          "name": "RULE_NO",
          "conditions": [
            {
              "matchType": "EVAL_OPTION",
              "evaluateOptionMatch": {
                "value": "No"
              }
            }
          ],
          "contextConditions": [],
          "action": {
            "name": "INTERACTION",
            "value": "next"
          },
          "contextDataVariables": []
        }
      ],
      "interactionType": "FCR",
      "changeResponse": {
        "enabled": true
      },
      "cancelResponse": {
        "enabled": true
      }
    }
  ],
  "menus": [],
  "groups": [
    {
      "chatBotId": "3309ffe5-550e-4dba-90c2-5cbce40931de",
      "id": "5e401ca3-d595-40e3-afa4-0b095a0f790a",
      "name": "survey",
      "creationTime": "2023-09-05 03:41:03",
      "modificationTime": "2023-09-05 03:41:03",
      "dialogType": "SURVEY_DIALOG",
      "status": "ENABLED",
      "disambiguteOnlySelectedDomains": false
    }
  ],
  "platforms": [
    {
      "id": "ae91cefd81bc82740876ca1ab2affc4bbe91e501",
      "chatbotId": "3309ffe5-550e-4dba-90c2-5cbce40931de",
      "integrationType": "HTMLCLIENT",
      "platform": "HTMLCLIENT",
      "status": "NEW"
    }
  ],
  "associatedDomains": [],
  "dialogTemplates": []
}